title,author,languages,downloads,words,author.death,publication-month,publication-year
Pride and Prejudice,Austen Jane,en,36576,121533,1817,June,1998
The Yellow Wallpaper,Gilman Charlotte Perkins,en,26363,6067,1935,November,1999
Alice's Adventures in Wonderland,Carroll Lewis,en,18882,26389,1898,March,1994
Frankenstein; Or The Modern Prometheus,Shelley Mary Wollstonecraft,en,17128,74959,1851,June,2008
Metamorphosis,Kafka Franz,en,15683,22022,1924,August,2005
Adventures of Huckleberry Finn,Twain Mark,en,15347,111219,1910,August,2006
The Importance of Being Earnest: A Trivial Comedy for Serious People,Wilde Oscar,en,13638,20625,1900,August,2006
The Adventures of Tom Sawyer,Twain Mark,en,13237,70796,1910,August,2006
Narrative of the Life of Frederick Douglass an American Slave,Douglass Frederick,en,12794,40740,1895,January,2006
A Doll's House : a play,Ibsen Henrik,en,11625,26466,1906,March,2001
Moby Dick; Or The Whale,Melville Herman,en,11270,212099,1891,June,2001
The Adventures of Sherlock Holmes,Doyle Arthur Conan,en,11125,104488,1930,October,1892
Great Expectations,Dickens Charles,en,11068,184398,1870,July,1998
Ulysses,Joyce James,en,10568,264835,1941,July,2003
A Tale of Two Cities,Dickens Charles,en,10312,135820,1870,January,1994
A Modest Proposal: For preventing the children of poor people in Ireland from being a burden on their parents or country and for making them beneficial to the publick,Swift Jonathan,en,10014,3410,1745,October,1997
Dracula,Stoker Bram,en,9852,160693,1912,August,2013
The Prince,Machiavelli Niccolo,en,9690,49525,1527,February,2006
The Picture of Dorian Gray,Wilde Oscar,en,9681,78920,1900,June,2008
War and Peace,Tolstoy Leo graf,en,9580,563029,1910,January,1870
Grimms' Fairy Tales,Grimm Wilhelm,en,9016,101107,1859,April,2001
The Kama Sutra of Vatsyayana: Translated From the Sanscrit in Seven Parts With Preface Introduction and Concluding Remarks,Vatsyayana,en,8559,58912,0,January,2009
Emma,Austen Jane,en,8513,157439,1817,August,1994
Beowulf: An Anglo-Saxon Epic Poem,Unknown,en,8199,38925,0,July,2005
Les Misérables,Hugo Victor,en,7900,565071,1885,June,2008
The Romance of Lust: A Classic Victorian erotic novel,Anonymous,en,7458,188911,0,October,2009
Jane Eyre: An Autobiography,Bronte Charlotte,en,7449,185452,1855,April,2007
Leaves of Grass,Whitman Walt,en,6899,121711,1892,May,1998
Dubliners,Joyce James,en,6879,67546,1941,September,2001
Sense and Sensibility,Austen Jane,en,6503,118578,1817,May,2008
Leviathan,Hobbes Thomas,en,6411,213304,1679,May,2002
The Strange Case of Dr. Jekyll and Mr. Hyde,Stevenson Robert Louis,en,6410,25740,1894,October,1992
Treasure Island,Stevenson Robert Louis,en,6396,68267,1894,February,2006
Wuthering Heights,Bronte Emily,en,6237,115874,1848,April,2007
Heart of Darkness,Conrad Joseph,en,5875,37902,1924,February,1995
The Count of Monte Cristo Illustrated,Dumas Alexandre,en,5861,459021,1870,January,1998
Gulliver's Travels into Several Remote Nations of the World,Swift Jonathan,en,5752,104293,1745,June,2009
The Awakening and Selected Short Stories,Chopin Kate,en,5702,63991,1904,March,2006
Peter Pan,Barrie J. M. (James Matthew),en,5657,47437,1937,July,1991
Siddhartha,Hesse Hermann,en,5483,39139,1962,April,2008
The Republic,Plato,en,5360,216169,-348,October,1998
Autobiography of Benjamin Franklin,Franklin Benjamin,en,5169,75983,1790,December,2006
The Life and Adventures of Robinson Crusoe,Defoe Daniel,en,5140,120813,1731,April,2010
Songs of Innocence and Songs of Experience,Blake William,en,5115,5602,1827,December,2008
Essays of Michel de Montaigne — Complete,Montaigne Michel de,en,5056,525749,1592,September,2006
The Divine Comedy by Dante Illustrated,Dante Alighieri,en,4973,108513,1321,September,2005
A Christmas Carol in Prose; Being a Ghost Story of Christmas,Dickens Charles,en,4741,28541,1870,August,2004
A Study in Scarlet,Doyle Arthur Conan,en,4703,43863,1930,April,1995
The Jungle Book,Kipling Rudyard,en,4526,50835,1936,January,2006
Crime and Punishment,Dostoyevsky Fyodor,en,4483,203492,1881,March,2006
The Iliad,Homer,en,4443,189422,-650,September,2006
Beyond Good and Evil,Nietzsche Friedrich Wilhelm,en,4347,62652,1900,August,2003
Candide,Voltaire,en,4339,35756,1778,November,2006
Steam Its Generation and Use,Babcock & Wilcox Company,en,4297,135920,0,September,2007
Pygmalion,Shaw Bernard,en,4287,33552,1950,March,2003
The Complete Works of William Shakespeare,Shakespeare William,en,4166,882996,1616,January,1994
Oliver Twist,Dickens Charles,en,4066,157966,1870,November,1996
Heart of Darkness,Conrad Joseph,en,3957,37926,1924,January,2006
English Literature: Its History and Its Significance for the Life of the English-Speaking World,Long William J. (William Joseph),en,3933,210885,1952,January,2004
An Occurrence at Owl Creek Bridge,Bierce Ambrose,en,3850,3744,1913,March,2008
Second Treatise of Government,Locke John,en,3842,56543,1704,January,2005
The King James Version of the Bible,Unknown,en,3776,821130,0,March,2011
My Secret Life Volumes I. to III.: 1888 Edition,Anonymous,en,3765,260851,0,January,1888
The Wonderful Wizard of Oz,Baum L. Frank (Lyman Frank),en,3704,39588,1919,July,2008
On Liberty,Mill John Stuart,en,3683,52040,1873,January,2011
The Hound of the Baskervilles,Doyle Arthur Conan,en,3677,59122,1930,October,2001
Three Men in a Boat,Jerome Jerome K. (Jerome Klapka),en,3647,66828,1927,October,2010
Through the Looking-Glass,Carroll Lewis,en,3626,29170,1898,February,1991
The Time Machine,Wells H. G. (Herbert George),en,3599,32298,1946,October,2004
The Interesting Narrative of the Life of Olaudah Equiano Or Gustavus Vassa The African: Written By Himself,Equiano Olaudah,en,3526,82531,1797,March,2005
The Jungle,Sinclair Upton,en,3522,149118,1968,March,2006
Josefine Mutzenbacher: oder Die Geschichte einer Wienerischen Dirne von ihr selbst erzählt,Salten Felix,de,3506,67852,1945,February,2010
Walden and On The Duty Of Civil Disobedience,Thoreau Henry David,en,3501,115646,1862,January,1995
Hard Times,Dickens Charles,en,3494,103230,1870,March,2013
The Brothers Karamazov,Dostoyevsky Fyodor,en,3478,350214,1881,February,2009
Democracy in America — Volume 1,Tocqueville Alexis de,en,3455,190451,1859,January,2006
Complete Original Short Stories of Guy De Maupassant,Maupassant Guy de,en,3437,490717,1893,October,2004
Practical Grammar and Composition,Wood Thomas,en,3434,63677,0,September,2007
David Copperfield,Dickens Charles,en,3427,354823,1870,December,1996
Narrative of the Captivity and Restoration of Mrs. Mary Rowlandson,Rowlandson Mary White,en,3389,20204,1711,March,1997
Uncle Tom's Cabin,Stowe Harriet Beecher,en,3336,180551,1896,January,1995
How to Analyze People on Sight: Through the Science of Human Analysis: The Five Human Types,Benedict Ralph Paine,en,3334,60336,0,December,2009
The Legend of Sleepy Hollow,Irving Washington,en,3287,12214,1859,October,1992
Around the World in Eighty Days,Verne Jules,en,3248,63266,1905,May,2008
Anna Karenina,Tolstoy Leo graf,en,3208,349769,1910,July,1998
The Mysterious Affair at Styles,Christie Agatha,en,3192,56518,1976,July,2008
The Call of the Wild,London Jack,en,3141,31821,1916,July,2008
Anne of Green Gables,Montgomery L. M. (Lucy Maud),en,3089,102511,1942,January,1992
Persuasion,Austen Jane,en,3079,83284,1817,June,2008
Don Quixote,Cervantes Saavedra Miguel de,en,3043,425899,1616,July,2004
Democracy and Education: An Introduction to the Philosophy of Education,Dewey John,en,3023,135857,1952,March,1997
A Portrait of the Artist as a Young Man,Joyce James,en,2979,84793,1941,July,2003
The Tragical History of Doctor Faustus: From the Quarto of 1604,Marlowe Christopher,en,2963,19693,1593,January,1997
Ethan Frome,Wharton Edith,en,2951,34710,1937,October,2003
Paradise Lost,Milton John,en,2942,79996,1674,October,1991
The Tragedy of Romeo and Juliet,Shakespeare William,en,2938,25896,1616,November,1997
Utopia,More Thomas Saint,en,2933,43482,1535,April,2005
Myths and Legends of Ancient Greece and Rome,Berens E. M.,en,2924,106324,0,August,2007
Forbidden Fruit: Luscious and exciting story and More forbidden fruit or; Master Percy's progress in and beyond the domestic circle,Anonymous,en,2905,32090,0,April,2009
Common Sense,Paine Thomas,en,2884,21983,1809,June,2008
Northanger Abbey,Austen Jane,en,2871,77140,1817,April,1994
The Scarlet Letter,Hawthorne Nathaniel,en,2861,83625,1864,February,1992
The Communist Manifesto,Engels Friedrich,en,2856,11444,1895,January,2005
The Turn of the Screw,James Henry,en,2850,42259,1916,February,1995
Lysistrata,Aristophanes,en,2849,14468,-388,April,2008
The Souls of Black Folk,Du Bois W. E. B. (William Edward Burghardt),en,2793,68674,1963,January,2008
Madame Bovary,Flaubert Gustave,en,2744,115638,1880,February,2006
The Reign of Greed,Rizal Jose,en,2741,115145,1896,October,2005
Hedda Gabler,Ibsen Henrik,en,2713,29886,1906,May,2003
The Return of Sherlock Holmes,Doyle Arthur Conan,en,2669,112117,1930,July,2007
Le Morte d'Arthur: Volume 1,Malory Thomas Sir,en,2638,168802,1471,March,1998
The Works of Edgar Allan Poe — Volume 1,Poe Edgar Allan,en,2613,90289,1849,May,2008
Don Juan,Byron George Gordon Byron Baron,en,2572,125740,1824,June,2007
The War of the Worlds,Wells H. G. (Herbert George),en,2546,59928,1946,July,1992
Mansfield Park,Austen Jane,en,2537,159540,1817,June,1994
Just So Stories,Kipling Rudyard,en,2526,28785,1936,July,2004
Middlemarch,Eliot George,en,2461,316294,1880,May,2008
Thus Spake Zarathustra: A Book for All and None,Nietzsche Friedrich Wilhelm,en,2454,110904,1900,December,1999
Meditations,Marcus Aurelius Emperor of Rome,en,2452,72026,180,June,2001
On the Origin of Species By Means of Natural Selection: Or the Preservation of Favoured Races in the Struggle for Life,Darwin Charles,en,2449,155427,1882,March,1998
Faust,Goethe Johann Wolfgang von,en,2439,36990,1832,January,2005
An Inquiry into the Nature and Causes of the Wealth of Nations,Smith Adam,en,2407,380565,1790,April,2002
The Tale of Peter Rabbit,Potter Beatrix,en,2371,1011,1943,January,2005
The Ladies' Book of Etiquette and Manual of Politeness: A Complete Hand Book for the Use of the Lady in Polite Society,Hartley Florence,en,2351,85929,0,January,2011
A Treatise of Human Nature,Hume David,en,2345,225719,1776,December,2003
Little Women,Alcott Louisa May,en,2340,186040,1888,May,1996
The Problems of Philosophy,Russell Bertrand,en,2332,42752,1970,June,2004
Bleak House,Dickens Charles,en,2330,353471,1870,August,1997
The Works of Edgar Allan Poe — Volume 2,Poe Edgar Allan,en,2307,95020,1849,May,2008
The Devil's Dictionary,Bierce Ambrose,en,2287,60117,1913,January,1911
The Art of War,Sunzi active 6th century B.C.,en,2270,53931,0,May,1994
The Critique of Pure Reason,Kant Immanuel,en,2252,208005,1804,July,2003
Memoirs Of Fanny Hill: A New and Genuine Edition from the Original Text (London 1749),Cleland John,en,2210,84602,1789,May,2008
The Practice and Science of Drawing,Speed Harold,en,2209,76540,0,December,2004
The Sign of the Four,Doyle Arthur Conan,en,2200,43012,1930,March,2000
The Odyssey: Rendered into English prose for the use of those who cannot read the original,Homer,en,2199,129408,-650,April,1999
A Princess of Mars,Burroughs Edgar Rice,en,2190,67407,1950,June,2008
Myths and Legends of China,Werner E. T. C. (Edward Theodore Chalmers),en,2187,118826,1954,March,2005
The Three Musketeers,Dumas Alexandre,en,2162,229258,1870,March,1998
2 B R 0 2 B,Vonnegut Kurt,en,2144,2564,2007,May,2007
The Sorrows of Young Werther,Goethe Johann Wolfgang von,en,2130,42490,1832,February,2001
The Woman in White,Collins Wilkie,en,2127,244709,1889,July,1996
Notes from the Underground,Dostoyevsky Fyodor,en,2125,43966,1881,July,1996
Latin for Beginners,D'Ooge Benjamin L. (Benjamin Leonard),en,2116,103202,1940,April,2006
The Memoirs of Sherlock Holmes,Doyle Arthur Conan,en,2115,87586,1930,March,1997
The History Of The Decline And Fall Of The Roman Empire: Table of Contents with links in the HTML file to the two; Project Gutenberg editions (12 volumes),Gibbon Edward,en,2105,9538,1794,June,2008
The Trial,Kafka Franz,en,2099,83946,1924,April,2005
Hamlet Prince of Denmark,Shakespeare William,en,2092,31677,1616,January,1603
A Concise Dictionary of Middle English from A.D. 1150 to 1580,Skeat Walter W. (Walter William),en,2069,168326,1912,January,2004
Journal of Small Things,Mackay Helen,en,2046,58530,1961,February,2016
The Wind in the Willows,Grahame Kenneth,en,2019,58401,1932,July,1995
Tess of the d'Urbervilles: A Pure Woman,Hardy Thomas,en,2014,148537,1928,February,1994
Macbeth,Shakespeare William,en,2012,18412,1616,January,1623
The Elements of Style,Strunk William,en,2000,13871,1946,August,2011
An Ideal Husband,Wilde Oscar,en,1980,30887,1900,March,2009
Don Quijote,Cervantes Saavedra Miguel de,es,1975,381225,1616,December,1999
The Prince and the Pauper,Twain Mark,en,1955,69972,1910,August,2006
North and South,Gaskell Elizabeth Cleghorn,en,1948,181508,1865,June,2012
Childe Harold's Pilgrimage,Byron George Gordon Byron Baron,en,1947,37406,1824,February,2004
The Anatomy of Melancholy,Burton Robert,en,1939,545013,1640,January,2004
The Notebooks of Leonardo Da Vinci — Complete,Leonardo da Vinci,en,1927,249345,1519,January,2004
Andersen's Fairy Tales,Andersen H. C. (Hans Christian),en,1924,55394,1875,January,1999
Great Disasters and Horrors in the World's History,Godbey Allen Howard,en,1904,145545,1948,February,2016
Plays,Glaspell Susan,en,1897,57186,1948,January,2004
Dead End,Macfarlane Wallace,en,1896,4048,1999,February,2016
Philosophiae Naturalis Principia Mathematica,Newton Isaac Sir,la,1895,120406,1727,March,2009
The Confessions of St. Augustine,Augustine Saint Bishop of Hippo,en,1890,111824,430,June,2002
Swann's Way,Proust Marcel,en,1877,195216,1922,March,2009
Twelve Years a Slave: Narrative of Solomon Northup a Citizen of New-York Kidnapped in Washington City in 1841 and Rescued in 1853 from a Cotton Plantation near the Red River in Louisiana,Northup Solomon,en,1868,81946,0,May,2014
The Sea-Gull,Chekhov Anton Pavlovich,en,1856,18923,1904,February,2006
Spacemen Die at Home,Ludwig Edward W.,en,1846,4803,1990,February,2016
The Secret Adversary,Christie Agatha,en,1825,75285,1976,September,2008
The Ten Books on Architecture,Vitruvius Pollio,en,1823,100866,0,December,2006
The vision of hell.: By Dante Alighieri.; Translated by Rev. Henry Francis Cary M.A.; and illustrated with the seventy-five designs of Gustave Doré.,Dante Alighieri,en,1822,36498,1321,August,2004
Noli Me Tangere,Rizal Jose,tl,1819,174826,1896,December,2006
Beasts Men and Gods,Ossendowski Ferdynand Antoni,en,1801,81057,1945,May,2006
The Castle of Otranto,Walpole Horace,en,1797,36600,1797,May,2012
Lyrical Ballads With a Few Other Poems (1798),Wordsworth William,en,1793,21451,1850,January,2006
The Moonstone,Collins Wilkie,en,1770,194758,1889,January,2006
The Fall of the House of Usher,Poe Edgar Allan,en,1739,7064,1849,June,1997
The Age of Innocence,Wharton Edith,en,1737,101308,1937,May,1996
The Aeneid,Virgil,en,1723,106461,-19,March,2008
The Monkey's Paw: The Lady of the Barge and Others Part 2.,Jacobs W. W. (William Wymark),en,1692,3953,1943,April,2004
Alice's Adventures in Wonderland,Carroll Lewis,en,1660,9721,1898,August,2006
The Secret Garden,Burnett Frances Hodgson,en,1621,80712,1924,May,2008
The History of the Peloponnesian War,Thucydides,en,1605,205021,-395,December,2004
A Connecticut Yankee in King Arthur's Court,Twain Mark,en,1605,117534,1910,July,2006
The Livestock Producer and Armour,Unknown,en,1601,6350,0,February,2016
Carmilla,Le Fanu Joseph Sheridan,en,1583,28033,1873,November,2003
Eve's Diary Complete,Twain Mark,en,1553,6780,1910,June,2004
Ethics,Spinoza Benedictus de,en,1552,87939,1677,February,2003
Anthem,Rand Ayn,en,1551,19127,1982,March,1998
A Room with a View,Forster E. M. (Edward Morgan),en,1546,66574,1970,May,2001
The Divine Comedy by Dante Illustrated Paradise Complete,Dante Alighieri,en,1545,35436,1321,August,2004
The Mechanical Properties of Wood: Including a Discussion of the Factors Affecting the Mechanical Properties and Methods of Timber Testing,Record Samuel J. (Samuel James),en,1544,49209,1945,May,2004
Pamela or Virtue Rewarded,Richardson Samuel,en,1541,221390,1761,July,2004
This Side of Paradise,Fitzgerald F. Scott (Francis Scott),en,1536,80780,1940,February,1997
The Happy Prince and Other Tales,Wilde Oscar,en,1530,16358,1900,March,2015
The Innocents Abroad,Twain Mark,en,1523,193159,1910,August,2006
An Essay on Man; Moral Essays and Satires,Pope Alexander,en,1517,46813,1744,August,2007
The Tragedy of Pudd'nhead Wilson,Twain Mark,en,1511,53063,1910,January,1994
Symposium,Plato,en,1511,32587,-348,January,1999
The Gentlemen's Book of Etiquette and Manual of Politeness: Being a Complete Guide for a Gentleman's Conduct in All His Relations Towards Society,Hartley Cecil B.,en,1510,89603,0,March,2012
The Man Who Was Six,Wallace F. L. (Floyd L.),en,1501,14531,2004,February,2016
Plays of Sophocles: Oedipus the King; Oedipus at Colonus; Antigone,Sophocles,en,1496,37390,-406,March,2006
The Red Badge of Courage: An Episode of the American Civil War,Crane Stephen,en,1496,46088,1900,July,2008
The Condition of the Working-Class in England in 1844: with a Preface written in 1892,Engels Friedrich,en,1489,116909,1895,December,2005
Divine Comedy Longfellow's Translation Hell,Dante Alighieri,en,1487,38266,1321,August,1997
Cyrano de Bergerac,Rostand Edmond,en,1486,34675,1918,March,1998
Hamlet,Shakespeare William,en,1481,30269,1616,January,1603
Discourse on the Method of Rightly Conducting One's Reason and of Seeking Truth in the Sciences,Descartes Rene,en,1476,23024,1650,July,2008
Maggie: A Girl of the Streets,Crane Stephen,en,1470,22924,1900,February,1996
The Library of Entertainment Handbook,Scammell John Chilton,en,1466,52587,0,February,2016
Twenty Thousand Leagues under the Sea,Verne Jules,en,1459,103035,1905,May,2008
The King in Yellow,Chambers Robert W. (Robert William),en,1453,71562,1933,July,2005
The World as Will and Idea (Vol. 1 of 3),Schopenhauer Arthur,en,1452,200540,1860,December,2011
The American Occupation of the Philippines 1898-1912,Blount James H. (James Henderson),en,1448,194573,1918,June,2011
The Canterbury Tales and Other Poems,Chaucer Geoffrey,en,1447,279127,1400,January,1475
My Man Jeeves,Wodehouse P. G. (Pelham Grenville),en,1444,50731,1975,May,2005
Spenser's The Faerie Queene Book I,Spenser Edmund,en,1443,74391,1599,March,2005
Mrs. Warren's Profession,Shaw Bernard,en,1441,34687,1950,February,2006
Pascal's Pensées,Pascal Blaise,en,1435,110771,1662,April,2006
Venus in Furs,Sacher-Masoch Leopold Ritter von,en,1425,41936,1895,November,2004
The Legends of King Arthur and His Knights,Knowles James Sir,en,1421,93648,1908,June,2004
The Satyricon — Complete,Petronius Arbiter,en,1412,98005,66,October,2006
The Pilgrim's Progress from this world to that which is to come: Delivered under the similitude of a dream by John Bunyan,Bunyan John,en,1402,58049,1688,June,2008
Kidnapped,Stevenson Robert Louis,en,1402,81861,1894,January,2006
On War — Volume 1,Clausewitz Carl von,en,1399,107354,1831,February,2006
The Confessions of Jean Jacques Rousseau — Complete,Rousseau Jean-Jacques,en,1397,275047,1778,September,2015
Die Verwandlung,Kafka Franz,de,1389,19180,1924,August,2007
The Idiot,Dostoyevsky Fyodor,en,1386,241531,1881,May,2001
Famous Impostors,Stoker Bram,en,1381,78507,1912,March,2016
The Strange Case of Dr. Jekyll and Mr. Hyde,Stevenson Robert Louis,en,1380,25585,1894,October,1992
The Addicts,Samachson Joseph,en,1379,3614,1980,February,2016
The Lost World,Doyle Arthur Conan,en,1378,75759,1930,June,2008
Life on the Mississippi,Twain Mark,en,1368,144374,1910,August,2006
An Enquiry Concerning Human Understanding,Hume David,en,1350,57801,1776,January,2006
The Marching Morons,Kornbluth C. M. (Cyril M.),en,1349,11054,1958,February,2016
The Decameron of Giovanni Boccaccio,Boccaccio Giovanni,en,1339,307841,1375,December,2007
A Vindication of the Rights of Woman: With Strictures on Political and Moral Subjects,Wollstonecraft Mary,en,1339,86456,1797,September,2002
Tarzan of the Apes,Burroughs Edgar Rice,en,1336,85520,1950,June,2008
Southern Horrors: Lynch Law in All Its Phases,Wells-Barnett Ida B.,en,1333,9664,1931,February,2005
Uncle Vanya: Scenes from Country Life in Four Acts,Chekhov Anton Pavlovich,en,1333,16449,1904,May,1999
The Social Cancer: A Complete English Version of Noli Me Tangere,Rizal Jose,en,1333,175846,1896,June,2007
Gargantua and Pantagruel,Rabelais Francois,en,1328,319655,0,August,2004
The Pursuit of God,Tozer A. W. (Aiden Wilson),en,1328,29217,1963,April,2008
The Federalist Papers,Jay John,en,1327,192349,1829,July,1998
The Life and Opinions of Tristram Shandy Gentleman,Sterne Laurence,en,1326,178843,1768,October,1997
The Ladies Delight,Anonymous,en,1322,4863,0,November,2004
The Lives of the Twelve Caesars Complete,Suetonius,en,1317,233339,0,October,2006
Roughing It,Twain Mark,en,1313,166160,1910,August,2006
Second Variety,Dick Philip K.,en,1308,15237,1982,April,2010
Bridge Crossing,Dryfoos Dave,en,1308,4852,2003,February,2016
The Thousand and One Nights Vol. I.: Commonly Called the Arabian Nights' Entertainments,Unknown,en,1307,262842,0,November,2010
The Consolation of Philosophy,Boethius,en,1306,42688,524,December,2004
A Complete Guide to Heraldry,Fox-Davies Arthur Charles,en,1306,270070,1928,December,2012
Max und Moritz: Eine Bubengeschichte in sieben Streichen,Busch Wilhelm,de,1302,2540,1908,December,2005
The Poetics of Aristotle,Aristotle,en,1300,15111,-322,November,1999
Ghosts,Ibsen Henrik,en,1295,24250,1906,May,2005
Struwwelpeter: Merry Stories and Funny Pictures,Hoffmann Heinrich,en,1290,2362,1894,April,2004
Youth,Asimov Isaac,en,1287,10067,1992,March,2010
Plain Tales from the Hills,Kipling Rudyard,en,1284,71634,1936,August,1999
The Invisible Man: A Grotesque Romance,Wells H. G. (Herbert George),en,1283,48484,1946,October,2004
Utilitarianism,Mill John Stuart,en,1282,27608,1873,February,2004
Novo dicionário da língua portuguesa,Figueiredo Candido de,pt,1277,1753991,1925,April,2010
Beasts and Super-Beasts,Saki,en,1276,61732,1916,December,2011
The History of Prostitution: Its Extent Causes and Effects throughout the World,Sanger William W.,en,1267,278921,0,January,2013
A Journey to the Centre of the Earth,Verne Jules,en,1263,85773,1905,July,2006
A Classification and Subject Index for Cataloguing and Arranging the Books and Pamphlets of a Library,Dewey Melvil,en,1244,15596,1931,June,2004
The Theory of the Leisure Class,Veblen Thorstein,en,1244,105351,1929,March,1997
Ivanhoe: A Romance,Scott Walter,en,1241,191430,1832,September,1993
Notre-Dame De Paris,Hugo Victor,en,1239,184390,1885,April,2001
Lineage Life and Labors of José Rizal Philippine Patriot,Craig Austin,en,1239,62725,0,June,2004
The Valley of Fear,Doyle Arthur Conan,en,1230,57508,1930,June,2002
The Island of Doctor Moreau,Wells H. G. (Herbert George),en,1229,43581,1946,October,2004
Alice's Adventures in Wonderland: Illustrated by Arthur Rackham. With a Proem by Austin Dobson,Carroll Lewis,en,1229,27270,1898,May,2009
The Man Outside,Smith Evelyn E.,en,1218,6497,2000,March,2016
The Last of the Mohicans; A narrative of 1757,Cooper James Fenimore,en,1215,148235,1851,February,2006
The Adventures of Pinocchio,Collodi Carlo,en,1214,39863,1890,January,2006
The Spectator Volumes 1 2 and 3: With Translations and Index for the Series,Steele Richard Sir,en,1207,957892,1729,April,2004
The Jungle Book,Kipling Rudyard,en,1207,51825,1936,April,2011
The Sense of Wonder,Marlowe Stephen,en,1207,5909,2008,February,2016
China and Pottery Marks,Unknown,en,1201,2537,0,July,2012
Aesop's Fables; a new translation,Aesop,en,1199,41425,0,February,2004
Essays by Ralph Waldo Emerson,Emerson Ralph Waldo,en,1194,92705,1882,September,2005
Encyclopedia of Needlework,Dillmont Therese de,en,1194,141340,1890,March,2007
Chaucer's Works Volume 4 (of 7) — The Canterbury Tales,Chaucer Geoffrey,enm,1176,239084,1400,July,2007
White Fang,London Jack,en,1174,72017,1916,March,2005
Mosses from an Old Manse and Other Stories,Hawthorne Nathaniel,en,1173,73036,1864,April,1996
The Mayor of Casterbridge,Hardy Thomas,en,1172,115151,1928,May,2007
Shakespearean Tragedy: Lectures on Hamlet Othello King Lear Macbeth,Bradley A. C. (Andrew Cecil),en,1171,171017,1935,October,2005
The Waste Land,Eliot T. S. (Thomas Stearns),en,1169,4678,1965,January,1922
My Antonia,Cather Willa,en,1169,81320,1947,July,2008
Florante at Laura,Balagtas Francisco,tl,1165,22198,1862,May,2005
Apology,Plato,en,1165,16077,-348,February,1999
Bartleby the Scrivener: A Story of Wall-Street,Melville Herman,en,1163,14355,1891,February,2004
Far from the Madding Crowd,Hardy Thomas,en,1158,137083,1928,March,1992
History of the Decline and Fall of the Roman Empire — Volume 1,Gibbon Edward,en,1156,265618,1794,November,1996
The Lady with the Dog and Other Stories,Chekhov Anton Pavlovich,en,1151,71379,1904,September,2004
Filipino Popular Tales,Unknown,en,1151,207843,0,June,2005
Antiquities of the Jews,Josephus Flavius,en,1148,536947,0,October,2001
The Secret Agent: A Simple Tale,Conrad Joseph,en,1142,90158,1924,December,2010
The Raven,Poe Edgar Allan,en,1140,7148,1849,November,2005
The Iliad,Homer,en,1134,152699,-650,June,2000
The Mysterious Stranger and Other Stories,Twain Mark,en,1133,41382,1910,August,2006
How?: or Spare Hours Made Profitable for Boys and Girls,Holbrook Kennedy,en,1131,66801,0,February,2016
Laura Middleton; Her Brother and her Lover,Anonymous,en,1129,32104,0,April,2009
Biographia Literaria,Coleridge Samuel Taylor,en,1129,138336,1834,July,2004
Incidents in the Life of a Slave Girl Written by Herself,Jacobs Harriet A. (Harriet Ann),en,1128,83341,1897,February,2004
How To Write Special Feature Articles: A Handbook for Reporters Correspondents and Free-Lance Writers Who Desire to Contribute to Popular Magazines and Magazine Sections of Newspapers,Bleyer Willard Grosvenor,en,1125,137575,1935,April,2005
The Pickwick Papers,Dickens Charles,en,1121,299047,1870,January,1837
The House of Mirth,Wharton Edith,en,1119,129161,1937,April,2008
A Little Princess: Being the whole story of Sara Crewe now told for the first time,Burnett Frances Hodgson,en,1112,66353,1924,June,2008
My Lady Greensleeves,Pohl Frederik,en,1106,13890,2013,February,2016
1000 Mythological Characters Briefly Described: Adapted to Private Schools High Schools and Academies,Ellis Edward Sylvester,en,1102,30889,1916,April,2013
Women in Love,Lawrence D. H. (David Herbert),en,1098,180343,1930,July,2003
An Enemy of the People,Ibsen Henrik,en,1093,31150,1906,December,2000
Palmistry for All,Cheiro,en,1089,42101,1936,January,2007
The Person and Work of The Holy Spirit,Torrey R. A. (Reuben Archer),en,1088,73464,1928,October,2009
Best Russian Short Stories,Unknown,en,1085,95148,0,September,2004
Faust: Der Tragödie erster Teil,Goethe Johann Wolfgang von,de,1085,30669,1832,June,2000
The Thirty-Nine Steps,Buchan John,en,1082,40956,1940,June,1996
Webster's Unabridged Dictionary,Various,en,1076,4462031,0,August,2009
Flatland: A Romance of Many Dimensions (Illustrated),Abbott Edwin Abbott,en,1075,34135,1926,March,2008
What Is Man? and Other Essays,Twain Mark,en,1073,94409,1910,June,1993
The History of Don Quixote Volume 1 Complete,Cervantes Saavedra Miguel de,en,1071,215835,1616,July,2004
Right Ho Jeeves,Wodehouse P. G. (Pelham Grenville),en,1068,73797,1975,June,2007
Dr. Kometevsky's Day,Leiber Fritz,en,1066,6735,1992,March,2016
The Best American Humorous Short Stories,Unknown,en,1064,104548,0,February,2004
Silas Marner,Eliot George,en,1064,70933,1880,June,1996
The Vampyre; a Tale,Polidori John William,en,1060,12630,1821,July,2004
Relativity : the Special and General Theory,Einstein Albert,en,1053,31082,1955,February,2004
The Doré Bible Gallery Complete: Containing One Hundred Superb Illustrations and a Page of Explanatory Letter-press Facing Each,Unknown,en,1052,35550,0,July,2004
The Literary World Seventh Reader,Unknown,en,1047,103797,0,November,2006
The Innocence of Father Brown,Chesterton G. K. (Gilbert Keith),en,1045,78911,1936,July,2008
Electricity in Locomotion: An Account of its Mechanism its Achievements and its Prospects,Whyte Adam Gowens,en,1039,28499,0,February,2016
Kim,Kipling Rudyard,en,1038,104478,1936,June,2000
Irish Fairy Tales,Stephens James,en,1036,66088,1950,November,2001
My Bondage and My Freedom,Douglass Frederick,en,1034,134341,1895,July,2008
Captain Cook's Journal During His First Voyage Round the World: Made in H. M. Bark "Endeavour" 1768-71,Cook James,en,1020,233349,1779,May,2005
Black Beauty,Sewell Anna,en,1015,59959,1878,January,2006
De Profundis,Wilde Oscar,en,1012,17718,1900,April,2007
A Discourse Upon the Origin and the Foundation of the Inequality Among Mankind,Rousseau Jean-Jacques,en,1008,26821,1778,February,2004
The Middle-Class Gentleman,Moliere,en,1007,18301,1673,October,2001
The Alchemist,Jonson Ben,en,1002,48213,1637,May,2003
Poems,Hugo Victor,en,1002,69815,1885,August,2005
The Rape of the Lock and Other Poems,Pope Alexander,en,999,56089,1744,January,2006
Aesop's Fables: Translated by George Fyler Townsend,Aesop,en,997,40858,0,September,1991
Democracy in America — Volume 2,Tocqueville Alexis de,en,993,141230,1859,January,2006
The Story of My Life: With her letters (1887-1901) and a supplementary account of her education including passages from the reports and letters of her teacher Anne Mansfield Sullivan by John Albert Macy,Keller Helen,en,989,134869,1968,November,2000
She Stoops to Conquer; Or The Mistakes of a Night: A Comedy,Goldsmith Oliver,en,988,22805,1774,December,1995
The Scarlet Pimpernel,Orczy Emmuska Orczy Baroness,en,988,84030,1947,March,2006
The Poems and Prose Poems of Charles Baudelaire: with an Introductory Preface by James Huneker,Baudelaire Charles,en,987,28092,1867,May,2011
The Rime of the Ancient Mariner,Coleridge Samuel Taylor,en,985,3856,1834,March,2006
The Frontier in American History,Turner Frederick Jackson,en,985,116906,1932,October,2007
Moby Dick,Melville Herman,en,984,1523,1891,May,1991
Buddenbrooks: Verfall einer Familie,Mann Thomas,de,984,230016,1955,January,2011
A Little Journey,Bradbury Ray,en,984,2561,2012,February,2016
Vanity Fair,Thackeray William Makepeace,en,984,302346,1863,July,1996
Birds of a Feather,Silverberg Robert,en,979,7678,0,March,2016
Autobiography of a Yogi,Yogananda Paramahansa,en,975,155018,1952,February,2005
Nine Thousand Miles On A Pullman Train: An Account of a Tour of Railroad Conductors From; Philadelphia to the Pacific Coast an Return,Shaw Milton,en,969,63347,0,March,2016
Dream Psychology: Psychoanalysis for Beginners,Freud Sigmund,en,957,53679,1939,March,2005
The Pilot and the Bushman,Jacobs Sylvia,en,957,9164,0,March,2016
Beautiful Stories from Shakespeare,Shakespeare William,en,951,48038,1616,August,1998
The Works of Edgar Allan Poe — Volume 3,Poe Edgar Allan,en,951,99566,1849,May,2008
Daisy Miller: A Study,James Henry,en,949,21312,1916,July,2008
Peter and Wendy,Barrie J. M. (James Matthew),en,949,47325,1937,September,2008
Personal Memoirs of U. S. Grant Complete,Grant Ulysses S. (Ulysses Simpson),en,949,280935,1885,August,2006
Trial of the Major War Criminals Before the International Military Tribunal Vol. I: Nuremburg 14 November 1945-1 October 1946: Vol. I,Various,en,949,139743,0,February,2016
The Black Man the Father of Civilization Proven by Biblical History,Webb James Morris,en,947,9348,0,April,2012
The Autobiography of a Super-Tramp,Davies W. H. (William Henry),en,947,86874,1940,March,2016
The Enchiridion,Epictetus,en,944,11053,135,March,2014
History  of the World War: An Authentic Narrative of the World's Greatest War,March Francis Andrew,en,935,237058,1928,August,2006
Confidence Game,Harmon Jim,en,932,5210,2010,February,2016
Confessions of an English Opium-Eater,De Quincey Thomas,en,929,38637,1859,April,2005
The Antichrist,Nietzsche Friedrich Wilhelm,en,928,33638,1900,September,2006
A Short History of the World,Wells H. G. (Herbert George),en,928,117534,1946,March,2011
The Phantom of the Opera,Leroux Gaston,en,926,84705,1927,June,2008
Three Contributions to the Theory of Sex,Freud Sigmund,en,924,42156,1939,February,2005
The Varieties of Religious Experience: A Study in Human Nature,James William,en,923,186250,1910,October,2014
She,Haggard H. Rider (Henry Rider),en,922,126264,1925,April,2006
1811 Dictionary of the Vulgar Tongue,Grose Francis,en,921,80975,1791,April,2004
Poems by Emily Dickinson Three Series Complete,Dickinson Emily,en,920,30811,1886,May,2004
Poems,Eliot T. S. (Thomas Stearns),en,920,6569,1965,December,1998
On Heroes Hero-Worship and the Heroic in History,Carlyle Thomas,en,919,88521,1881,November,1997
Ang Liham ni Dr. Jose Rizal sa mga Kadalagahan sa Malolos Bulakan,Rizal Jose,tl,918,3377,1896,November,2005
Patty's Fortune,Wells Carolyn,en,918,53071,1942,March,2016
The Wars of the Jews; Or The History of the Destruction of Jerusalem,Josephus Flavius,en,917,235699,0,January,2009
The Origin of Species by Means of Natural Selection: Or the Preservation of Favoured Races in the Struggle for Life 6th Edition,Darwin Charles,en,916,206725,1882,December,1999
The Tempest: The Works of William Shakespeare [Cambridge Edition] [9 vols.],Shakespeare William,en,915,23337,1616,October,2007
The Ignoble Savages,Smith Evelyn E.,en,915,11197,2000,March,2016
On the Nature of Things,Lucretius Carus Titus,en,915,73789,-55,January,1997
The Outline of Science Vol. 1 (of 4): A Plain Story Simply Told,Thomson J. Arthur (John Arthur),en,913,106620,1933,January,2007
Pride and Prejudice,Austen Jane,en,912,121919,1817,May,2013
Medea of Euripides,Euripides,en,910,20400,-406,March,2011
Volpone; Or The Fox,Jonson Ben,en,905,49071,1637,May,2003
The life of Midhat Pasha; a record of his services political reforms banishment and judicial murder,Ali Haydar Mithat,en,902,99112,1950,February,2016
Othello,Shakespeare William,en,896,28085,1616,January,1622
The Pride of Jennico: Being a Memoir of Captain Basil Jennico,Castle Egerton,en,896,74659,1920,February,2016
Make Me An Offer,Blomberg Con,en,894,2664,0,February,2016
People Soup,Arkin Alan,en,894,2044,0,March,2016
The Mantle and Other Stories,Gogol Nikolai Vasilevich,en,892,55097,1852,May,2011
Gorgias,Plato,en,891,59287,-348,March,1999
The Playboy of the Western World: A Comedy in Three Acts,Synge J. M. (John Millington),en,887,20521,1909,March,1998
Sea Legs,Quattrocchi Frank,en,887,13876,0,March,2016
Phaedo,Plato,en,885,42773,-348,March,1999
Der Tod in Venedig,Mann Thomas,de,879,24952,1955,April,2004
Our Mutual Friend,Dickens Charles,en,879,325137,1870,April,2006
The Spicy Sound of Success,Harmon Jim,en,878,5579,2010,March,2016
Boy Scouts Handbook: The First Edition 1911,Boy Scouts of America,en,877,126921,0,August,2009
The Ethics of Aristotle,Aristotle,en,877,113184,-322,July,2005
The Great God Pan,Machen Arthur,en,876,21671,1947,January,1996
The Writings of Thomas Paine — Volume 4 (1794-1796): The Age of Reason,Paine Thomas,en,871,72456,1809,February,2003
The Works of the Right Honourable Edmund Burke Vol. 01 (of 12),Burke Edmund,en,869,154577,1797,March,2005
Pragmatism: A New Name for Some Old Ways of Thinking,James William,en,869,51956,1910,February,2004
Angel's Egg,Pangborn Edgar,en,868,13897,1976,March,2016
The Man Who Was Thursday: A Nightmare,Chesterton G. K. (Gilbert Keith),en,867,58081,1936,April,1999
A Woman of No Importance,Wilde Oscar,en,866,22413,1900,September,2014
The History of Herodotus — Volume 1,Herodotus,en,864,161693,-430,July,2001
Arms and the Man,Shaw Bernard,en,864,24592,1950,January,2003
The Republic,Plato,en,863,124348,-348,May,2008
Plays by Anton Chekhov Second Series,Chekhov Anton Pavlovich,en,863,67081,1904,April,2005
The Duchess of Malfi,Webster John,en,862,26516,0,June,2000
Submarines Mines and Torpedoes in the War,Domville-Fife Charles William,en,862,26355,0,March,2016
Survival Type,Bone Jesse F. (Jesse Franklin),en,859,8266,2006,March,2016
A Touch of E Flat,Gibson Joe,en,851,7015,0,February,2016
Fresh Air Fiend,Neville Kris,en,851,4582,1980,March,2016
The Eyes Have It,Dick Philip K.,en,846,1133,1982,March,2010
King Solomon's Mines,Haggard H. Rider (Henry Rider),en,840,82197,1925,October,2005
Beyond the Door,Dick Philip K.,en,840,2474,1982,April,2009
What Men Live By and Other Tales,Tolstoy Leo graf,en,836,18800,1910,July,2004
Der Struwwelpeter: oder lustige Geschichten und drollige Bilder,Hoffmann Heinrich,de,835,3066,1894,February,2008
The Aesop for Children: With pictures by Milo Winter,Aesop,en,834,27468,0,December,2006
The Possessed (The Devils),Dostoyevsky Fyodor,en,834,253678,1881,May,2005
The Fairy Tales of Charles Perrault,Perrault Charles,en,832,28250,1703,June,2009
The Secret Garden,Burnett Frances Hodgson,en,830,80957,1924,December,2005
The National Geographic Magazine Vol. II. No. 2 May 1890,Various,en,829,37316,0,March,2016
The Journals of Lewis and Clark 1804-1806,Clark William,en,829,664165,1838,July,2005
An Enquiry Concerning the Principles of Morals,Hume David,en,828,48210,1776,January,2010
The Iron Heel,London Jack,en,827,87796,1916,May,2006
A Journal of the Plague Year: Written by a Citizen Who Continued All the While in London,Defoe Daniel,en,826,94619,1731,January,2006
Bede's Ecclesiastical History of England,Bede the Venerable Saint,en,825,179997,735,December,2011
As a Man Thinketh,Allen James,en,825,7560,1912,October,2003
Inside Earth,Anderson Poul,en,825,17132,2001,February,2016
Bushido the Soul of Japan,Nitobe Inazo,en,821,33447,1933,April,2004
The Red Room,Wells H. G. (Herbert George),en,821,3924,1946,October,2007
The Blue Fairy Book,Lang Andrew,en,821,138437,1912,April,1996
Citizen Jell,Shaara Michael,en,821,3293,1988,March,2016
Nationalism,Tagore Rabindranath,en,820,26694,1941,September,2012
Anne of the Island,Montgomery L. M. (Lucy Maud),en,819,76565,1942,March,2006
Villette,Bronte Charlotte,en,819,192542,1855,October,2005
The Poetical Works of William Wordsworth — Volume 3,Wordsworth William,en,814,122801,1850,May,2004
The Mysterious Island,Verne Jules,en,813,193330,1905,April,1998
The Canterville Ghost,Wilde Oscar,en,812,11650,1900,December,2004
Prime Difference,Nourse Alan Edward,en,810,4998,1992,February,2016
Adventures of Sherlock Holmes: Illustrated,Doyle Arthur Conan,en,809,106348,1930,February,2015
The Man in the Iron Mask,Dumas Alexandre,en,808,173624,1870,August,2001
Poems and Songs of Robert Burns,Burns Robert,en,807,127342,1796,January,2005
Man in a Quandary,Wesley Joseph,en,804,3150,0,March,2016
Opticks: Or A Treatise of the Reflections Refractions Inflections and Colours of Light,Newton Isaac Sir,en,802,100267,1727,August,2010
The Gilded Age: A Tale of Today,Twain Mark,en,800,158279,1910,January,1873
Memoirs of Extraordinary Popular Delusions and the Madness of Crowds,Mackay Charles,en,799,278850,1889,February,2008
The House of the Seven Gables,Hawthorne Nathaniel,en,798,104875,1864,June,2008
Simple Sabotage Field Manual,United States. Office of Strategic Services,en,797,9160,0,August,2008
Life in the Iron-Mills; Or The Korl Woman,Davis Rebecca Harding,en,796,14703,1910,April,1997
Time In the Round,Leiber Fritz,en,794,5334,1992,March,2016
Anne of Avonlea,Montgomery L. M. (Lucy Maud),en,793,88845,1942,March,2006
Japanese Fairy Tales,Ozaki Yei Theodora,en,792,70603,0,May,2003
The Monk: A Romance,Lewis M. G. (Matthew Gregory),en,791,136959,1818,July,1996
Indian Fairy Tales,Unknown,en,791,71142,0,March,2003
Historia de Venezuela Tomo I,Aguado Pedro de active 16th century,es,789,198454,0,June,2012
Public School Life: Boys Masters Parents,Waugh Alec,en,789,73661,1981,March,2016
The Campaign in Russian Poland,Standing Percy Cross,en,789,24791,0,March,2016
Also sprach Zarathustra: Ein Buch für Alle und Keinen,Nietzsche Friedrich Wilhelm,de,789,83753,1900,January,2005
Double Standard,Coppel Alfred,en,788,2492,2004,March,2016
The Red Record: Tabulated Statistics and Alleged Causes of Lynching in the United States,Wells-Barnett Ida B.,en,786,34195,1931,February,2005
The Elementary Forms of the Religious Life,Durkheim Emile,en,786,219215,1917,November,2012
The Works of Edgar Allan Poe — Volume 5,Poe Edgar Allan,en,784,72342,1849,May,2008
Paradise Lost,Milton John,en,784,80255,1674,February,1992
On the Sublime,Longinus 1st cent.,en,782,30044,0,March,2006
Break a Leg,Harmon Jim,en,782,7898,2010,February,2016
The Grand Inquisitor,Dostoyevsky Fyodor,en,782,9640,1881,July,2005
Woodwork Joints: How they are Set Out How Made and Where Used.,Fairham William,en,781,36923,0,May,2007
To The Fore With the Tanks!,Westerman Percy F. (Percy Francis),en,781,47762,1959,February,2016
Memories of the Kaiser's Court,Topham Anne,en,780,92768,0,February,2016
I Am A Nucleus,Barr Stephen,en,778,11446,0,February,2016
Turkey; the Awakening of Turkey; the Turkish Revolution of 1908,Knight E. F. (Edward Frederick),en,777,80089,1925,February,2016
Not a Creature Was Stirring,Evans Dean,en,777,5212,0,March,2016
My Life and Work,Ford Henry,en,776,93205,1947,January,2005
Siddhartha: eine indische Dichtung,Hesse Hermann,de,770,34391,1962,February,2001
The Portrait of a Lady — Volume 1,James Henry,en,769,116826,1916,September,2001
Lord of the World,Benson Robert Hugh,en,767,99477,1914,November,2004
Nature,Emerson Ralph Waldo,en,766,15335,1882,July,2009
Fundamental Principles of the Metaphysic of Morals,Kant Immanuel,en,766,30759,1804,May,2004
The Shunned House,Lovecraft H. P. (Howard Phillips),en,764,10832,1937,March,2010
Up from Slavery: An Autobiography,Washington Booker T.,en,763,76625,1915,October,2000
The Memoirs of Jacques Casanova de Seingalt 1725-1798. Complete,Casanova Giacomo,en,763,1256752,1798,November,2006
A Tramp Abroad,Twain Mark,en,762,156139,1910,June,2004
Letters of Pliny,Pliny the Younger,en,760,90738,0,September,2001
Helps to Latin Translation at Sight,Luce Edmund,en,760,119325,0,May,2009
Erotica Romana,Goethe Johann Wolfgang von,en,760,6726,1832,April,2005
Voyage to Far N'jurd,Neville Kris,en,759,12297,1980,March,2016
History of Tom Jones a Foundling,Fielding Henry,en,758,350346,1754,September,2004
Micrographia: Some Physiological Descriptions of Minute Bodies Made by Magnifying Glasses with Observations and Inquiries Thereupon,Hooke Robert,en,757,154574,1703,March,2005
...So They Baked a Cake,Marks Winston K.,en,757,4161,1979,March,2016
Little Dorrit,Dickens Charles,en,757,337359,1870,July,1997
The Railway Children,Nesbit E. (Edith),en,756,59291,1924,August,1999
The Beast in the Jungle,James Henry,en,755,18565,1916,February,2005
The Autobiography of Benjamin Franklin,Franklin Benjamin,en,755,66189,1790,May,2008
Politics: A Treatise on Government,Aristotle,en,749,102328,-322,October,2004
Little Black Sambo,Bannerman Helen,en,748,1166,1946,February,2006
The Metamorphoses of Ovid Books I-VII,Ovid,en,748,125286,17,June,2007
Reflections; or Sentences and Moral Maxims,La Rochefoucauld Francois duc de,en,746,35317,1680,October,2005
The Man That Corrupted Hadleyburg,Twain Mark,en,744,17638,1910,April,2005
The Anglo-Saxon Chronicle,Unknown,en,743,94777,0,September,1996
Amusements in Mathematics,Dudeney Henry Ernest,en,742,162112,1930,September,2005
The Travels of Marco Polo — Volume 1,Rustichello of Pisa,en,741,335271,0,January,2004
Herland,Gilman Charlotte Perkins,en,740,52145,1935,May,1992
Etiquette,Post Emily,en,739,204276,1960,December,2004
Darkwater: Voices from Within the Veil,Du Bois W. E. B. (William Edward Burghardt),en,738,67209,1963,February,2005
Poems Every Child Should Know: The What-Every-Child-Should-Know-Library,Unknown,en,736,66584,0,August,2005
The History of the Highland Clearances: Second Edition Altered and Revised,Mackenzie Alexander,en,736,100172,1898,February,2016
Prisoner of the Mill: or Captain Hayward's "Body Guard",Hazelton Harry,en,736,33968,0,February,2016
Lex,Haggert W. T.,en,736,7637,0,March,2016
The Rámáyan of Válmíki translated into English verse,Valmiki,en,735,400089,0,March,2008
Human All Too Human: A Book for Free Spirits,Nietzsche Friedrich Wilhelm,en,735,36696,1900,November,2011
The Girls From Earth,Robinson Frank M.,en,735,7294,2014,February,2016
Father Goriot,Balzac Honore de,en,734,103583,1850,March,1998
Le Morte d'Arthur: Volume 2,Malory Thomas Sir,en,732,187720,1471,March,1998
The Analysis of Mind,Russell Bertrand,en,730,89040,1970,February,2001
The Power of Mesmerism: A Highly Erotic Narrative of Voluptuous Facts and Fancies,Anonymous,en,729,25173,0,April,2009
No Substitutions,Harmon Jim,en,729,5959,2010,March,2016
Growing Up On Big Muddy,De Vet Charles V. (Charles Vincent),en,729,5553,1997,March,2016
Omens and Superstitions of Southern India,Thurston Edgar,en,724,95608,1935,March,2011
Lady Windermere's Fan,Wilde Oscar,en,724,19823,1900,October,2014
Shakespeare's Sonnets,Shakespeare William,en,723,17682,1616,September,1997
The Mentor: The Metropolitan Museum of Art Vol. 6 Num. 9 Serial No. 157 June 15 1918,Noe Sydney P.,en,723,9545,0,March,2016
Tender Buttons: Objects—Food—Rooms,Stein Gertrude,en,722,14971,1946,March,2005
The Underground Railroad: A Record of Facts Authentic Narratives Letters &c. Narrating the Hardships Hair-Breadth Escapes and Death Struggles of the Slaves in Their Efforts for Freedom As Related by Themselves and Others or Witnessed by the Author.,Still William,en,721,403272,1902,March,2005
Nicholas Nickleby,Dickens Charles,en,721,322303,1870,April,2006
Jude the Obscure,Hardy Thomas,en,720,143965,1928,August,1994
Daddy-Long-Legs,Webster Jean,en,718,36951,1916,June,2008
The Tenant of Wildfell Hall,Bronte Anne,en,718,168520,1849,February,2010
Fifteen Thousand Useful Phrases: A Practical Handbook Of Pertinent Expressions Striking Similes Literary Commercial Conversational And Oratorical Terms For The Embellishment Of Speech And Literature And The Improvement Of The Vocabulary Of Those Persons Who Read Write And Speak English,Kleiser Grenville,en,717,81607,1953,May,2006
Plain Living: A Bush Idyll,Boldrewood Rolf,en,717,76638,1915,March,2016
On the Duty of Civil Disobedience,Thoreau Henry David,en,717,9333,1862,June,2004
The Man Who Would Be King,Kipling Rudyard,en,714,14194,1936,May,2005
Orthodoxy,Chesterton G. K. (Gilbert Keith),en,713,63809,1936,May,1994
The Tragedy of Macbeth,Shakespeare William,en,712,18248,1616,January,1623
Boswell's Life of Johnson: Abridged and edited with an introduction by Charles Grosvenor Osgood,Boswell James,en,712,217186,1795,May,2006
License to Steal,Newman Louis,en,710,3383,0,March,2016
A Queen of Tears vol. 1 of 2: Caroline Matilda Queen of Denmark and Norway and Princess; of Great Britain and Ireland,Wilkins W. H. (William Henry),en,709,90906,1905,March,2016
The Music Master of Babylon,Pangborn Edgar,en,704,10584,1976,March,2016
Sonnets from the Portuguese,Browning Elizabeth Barrett,en,696,5482,1861,September,2004
Essays of Schopenhauer,Schopenhauer Arthur,en,693,72966,1860,April,2004
A Midsummer Night's Dream,Shakespeare William,en,692,17672,1616,January,1600
The Principles of Chemistry Volume I (of 2),Mendeleyev Dmitry Ivanovich,en,691,361074,0,February,2016
The Tragedy of Julius Caesar,Shakespeare William,en,689,20842,1616,January,1623
Grimm's Fairy Stories,Grimm Jacob,en,688,50621,1863,February,2004
Memoirs of Napoleon Bonaparte — Complete,Bourrienne Louis Antoine Fauvelet de,en,688,489658,1834,September,2006
The Influence of Sea Power Upon History 1660-1783,Mahan A. T. (Alfred Thayer),en,687,211227,1914,September,2004
The Wendigo,Blackwood Algernon,en,686,18383,1951,January,2004
Swenson Dispatcher,Miller R. DeWitt,en,686,7673,1958,February,2016
A Dog Day: or The Angel in the House,Emanuel Walter,en,685,1830,0,February,2016
In Praise of Folly: Illustrated with Many Curious Cuts,Erasmus Desiderius,en,684,44850,1536,October,2009
Cautionary Tales for Children,Belloc Hilaire,en,681,2674,1953,December,2008
Cookery and Dining in Imperial Rome,Apicius,en,681,105698,0,August,2009
Famous Modern Ghost Stories,Unknown,en,680,94666,0,February,2005
The Book of Household Management,Beeton Mrs. (Isabella Mary),en,679,514564,1865,November,2003
The Economic Consequences of the Peace,Keynes John Maynard,en,679,69597,1946,May,2005
A General History of the Pyrates:: from their first rise and settlement in the island of Providence to the present time,Defoe Daniel,en,677,129089,1731,August,2012
Stories from The Arabian Nights,Housman Laurence,en,676,28729,1959,March,2016
The Story of Doctor Dolittle,Lofting Hugh,en,675,25955,1947,April,1996
Manners Customs and Dress During the Middle Ages and During the Renaissance Period,Jacob P. L.,en,674,157577,1884,February,2004
Cicero's Tusculan Disputations: Also Treatises On The Nature Of The Gods And On The Commonwealth,Cicero Marcus Tullius,en,674,181274,-43,February,2005
The Complete Plays of Gilbert and Sullivan,Gilbert W. S. (William Schwenck),en,671,161243,1911,February,1997
Sir Gawayne and the Green Knight: An Alliterative Romance-Poem (c. 1360 A.D.),Unknown,en,enm,669,39281,0,January,2005
The Book of the Thousand Nights and a Night — Volume 01,Unknown,en,667,173812,0,September,2003
Composition,Dow Arthur Wesley,en,667,23734,1922,April,2014
The Ballad of the White Horse,Chesterton G. K. (Gilbert Keith),en,666,17475,1936,April,1999
Phaedra,Racine Jean,en,665,14001,1699,November,1999
Man of Distinction,Shaara Michael,en,665,2139,1988,February,2016
The Mill on the Floss,Eliot George,en,663,206412,1880,October,2004
Lord Jim,Conrad Joseph,en,662,128708,1924,January,2006
The Piazza Tales,Melville Herman,en,659,79165,1891,May,2005
A Treatise on Painting,Leonardo da Vinci,en,659,72270,1519,September,2014
A Christmas Carol,Dickens Charles,en,658,29282,1870,September,2006
A Shropshire Lad,Housman A. E. (Alfred Edward),en,658,9046,1936,May,2004
The Will to Believe and Other Essays in Popular Philosophy,James William,en,655,101183,1910,May,2009
Love and Freindship [sic],Austen Jane,en,654,33252,1817,February,1998
Slaveholding: Weighed in the Balance of Truth,Fitch Charles,en,654,10497,0,March,2016
Oedipus King of Thebes: Translated into English Rhyming Verse with Explanatory Notes,Sophocles,en,652,18226,-406,December,2008
Bullet With His Name,Leiber Fritz,en,652,11842,1992,March,2016
Emile,Rousseau Jean-Jacques,en,652,251964,1778,April,2004
Myths of the Norsemen: From the Eddas and Sagas,Guerber H. A. (Helene Adeline),en,650,100347,1929,April,2009
The Golden Bough: A Study of Magic and Religion,Frazer James George,en,650,409963,1941,January,2003
How the Other Half Lives: Studies Among the Tenements of New York,Riis Jacob A. (Jacob August),en,649,81588,1914,April,2014
Romeo and Juliet,Shakespeare William,en,648,25512,1616,January,1597
Mark Twain's Speeches,Twain Mark,en,648,92182,1910,August,2006
The Man with Two Left Feet and Other Stories,Wodehouse P. G. (Pelham Grenville),en,648,70979,1975,February,2005
Märchen für Kinder,Andersen H. C. (Hans Christian),de,645,56394,1875,September,2006
Sense and Sensibility,Austen Jane,en,645,121839,1817,June,2007
Fairy Tales of Hans Christian Andersen,Andersen H. C. (Hans Christian),en,645,371292,1875,November,2008
Illustrated History of Furniture: From the Earliest to the Present Time,Litchfield Frederick,en,644,76222,1930,May,2004
End as a Hero,Laumer Keith,en,644,12270,1993,February,2016
Hafiz in London,Hafiz 14th cent.,en,644,6417,0,March,2016
The Gods of Mars,Burroughs Edgar Rice,en,643,82689,1950,June,2008
The Pencil of Nature,Talbot William Henry Fox,en,642,9478,1877,August,2010
My Own Story,Pankhurst Emmeline,en,642,95774,1928,January,2011
Salomé: A Tragedy in One Act,Wilde Oscar,en,641,13170,1900,May,2013
An Advanced English Grammar with Exercises,Farley Frank Edgar,en,641,105795,0,May,2014
What is Posat?,Smith Phyllis Sterling,en,637,5601,0,March,2016
His Last Bow: An Epilogue of Sherlock Holmes,Doyle Arthur Conan,en,636,6082,1930,October,2000
Mysticism and Logic and Other Essays,Russell Bertrand,en,634,71757,1970,May,2008
The Memoirs of the Conquistador Bernal Diaz del Castillo Vol 1 (of 2): Written by Himself Containing a True and Full Account of the Discovery and Conquest of Mexico and New Spain.,Diaz del Castillo Bernal,en,632,184178,1584,May,2010
The Dunwich Horror,Lovecraft H. P. (Howard Phillips),en,632,17318,1937,October,2015
Anabasis,Xenophon,en,630,94860,-355,January,1998
The Younger Edda; Also called Snorre's Edda or The Prose Edda,Snorri Sturluson,en,629,66946,1241,July,2006
The Arabian Nights: Their Best-known Tales,Unknown,en,629,114821,0,March,2007
Dr. Montessori's Own Handbook,Montessori Maria,en,628,25130,1952,August,2009
The Works of Edgar Allan Poe — Volume 4,Poe Edgar Allan,en,626,78589,1849,May,2008
The Mysteries of Udolpho,Radcliffe Ann Ward,en,626,290340,1823,June,2002
In the path of the alphabet: an historical account of the ancient beginnings and; evolution of the modern alphabet,Jermain Frances,en,625,31506,0,March,2016
The Declaration of Independence of the United States of America,Jefferson Thomas,en,624,32,1826,July,1776
A Bad Day for Vermin,Laumer Keith,en,623,2039,1993,February,2016
Anne's House of Dreams,Montgomery L. M. (Lucy Maud),en,623,79374,1942,May,1996
The Tribes and Castes of the Central Provinces of India Volume 1,Russell R. V. (Robert Vane),en,622,184101,1915,February,2007
The Romance of Tristan and Iseult,Bedier Joseph,en,621,25783,1938,December,2004
In Stahlgewittern aus dem Tagebuch eines Stoßtruppführers,Junger Ernst,de,621,67468,1998,October,2010
Lady Susan,Austen Jane,en,621,23047,1817,June,1997
The Return of the Native,Hardy Thomas,en,620,141670,1928,March,2006
Idylls of the King,Tennyson Alfred Tennyson Baron,en,620,84178,1892,August,1996
Beowulf,Unknown,en,619,25884,0,July,1997
Selected Sermons of Jonathan Edwards,Edwards Jonathan,en,618,71349,1758,December,2010
Tartuffe; Or The Hypocrite,Moliere,en,617,18138,1673,January,2000
Beyond Lies the Wub,Dick Philip K.,en,615,2694,1982,April,2009
English Translations Of Works Of Emile Zola: An Index to the Project Gutenberg Works of Zola in English,Zola Emile,en,615,1022,1902,May,2009
A Text-Book of the History of Painting,Van Dyke John Charles,en,613,74680,1932,July,2006
Tales of the Jazz Age,Fitzgerald F. Scott (Francis Scott),en,613,86579,1940,October,2004
Lady Audley's Secret,Braddon M. E. (Mary Elizabeth),en,613,147984,1915,September,2005
Far from the Madding Crowd,Hardy Thomas,en,612,137044,1928,February,1994
How to Live on 24 Hours a Day,Bennett Arnold,en,610,12842,1931,August,2000
The Tragedy of King Lear,Shakespeare William,en,609,27527,1616,January,1608
Myths of Babylonia and Assyria,Mackenzie Donald A. (Donald Alexander),en,609,153732,1936,September,2005
Dead Souls,Gogol Nikolai Vasilevich,en,607,141946,1852,October,1997
The Mahabharata of Krishna-Dwaipayana Vyasa Volume 1: Books 1 2 and 3,Unknown,en,606,631885,0,March,2005
Doctor Thorne,Trollope Anthony,en,606,216995,1882,April,2002
Library of the World's Best Mystery and Detective Stories,Unknown,en,603,101411,0,June,2004
Mechanical Drawing Self-Taught: Comprising instructions in the selection and preparation of drawing instruments elementary instruction in practical mechanical drawing; together with examples in simple geometry and elementary mechanism including screw threads gear wheels mechanical motions engines and boilers,Rose Joshua,en,603,69205,0,November,2007
The Return of Sherlock Holmes,Doyle Arthur Conan,en,601,112404,1930,July,2008
Dombey and Son,Dickens Charles,en,601,354829,1870,February,1997
History of Egypt Chaldea Syria Babylonia and Assyria in the Light of Recent Discovery,King L. W. (Leonard William),en,600,114152,1919,December,2005
The Tao Teh King or the Tao and its Characteristics,Laozi,en,600,10657,0,February,1995
Alice's Abenteuer im Wunderland,Carroll Lewis,de,599,25515,1898,February,2007
The Variable Man,Dick Philip K.,en,599,25044,1982,April,2010
Pen Pal,Marlowe Stephen,en,599,5179,2008,February,2016
Warlord of Mars,Burroughs Edgar Rice,en,599,57129,1950,June,1993
Household Stories by the Brothers Grimm,Grimm Wilhelm,en,598,88728,1859,August,2006
How to Tell a Story and Other Essays,Twain Mark,en,598,7236,1910,August,2006
My Strange Rescue: and other stories of Sport and Adventure in Canada,Oxley J. Macdonald (James Macdonald),en,598,84589,1907,February,2016
English Synonyms and Antonyms: With Notes on the Correct Use of Prepositions,Fernald James Champlin,en,597,197332,1918,May,2009
The Big Trip Up Yonder,Vonnegut Kurt,en,597,3623,2007,October,2009
The Ways of the Planets,Martin Martha Evans,en,597,54701,0,February,2016
Gutenberg and the Art of Printing,Pearson Emily Clemens,en,597,59891,0,March,2016
The Life and Amours of the Beautiful Gay and Dashing Kate Percival: The Belle of the Delaware,Percival Kate,en,596,39324,0,August,2009
Meno,Plato,en,594,22177,-348,February,1999
Das Unheimliche,Freud Sigmund,de,594,12047,1939,November,2010
The Art of Public Speaking,Esenwein J. Berg (Joseph Berg),en,593,159258,1946,July,2005
Laughter: An Essay on the Meaning of the Comic,Bergson Henri,en,593,39763,1941,August,2003
The History of Rome Books 01 to 08,Livy,en,592,232465,0,November,2006
Looking Backward 2000 to 1887,Bellamy Edward,en,591,77836,1898,August,1996
The Art Of Writing & Speaking The English Language: Word-Study and Composition & Rhetoric,Cody Sherwin,en,589,61728,1959,November,2006
Heidi: (Gift Edition),Spyri Johanna,en,589,51515,1901,March,2007
New Atlantis,Bacon Francis,en,589,15700,1626,December,2000
The Fortunes and Misfortunes of the Famous Moll Flanders,Defoe Daniel,en,589,138014,1731,March,2008
Apology Crito and Phaedo of Socrates,Plato,en,588,52171,-348,October,2004
The School for Scandal,Sheridan Richard Brinsley,en,586,28881,1816,October,1999
The Letters of Wolfgang Amadeus Mozart — Volume 01,Mozart Wolfgang Amadeus,en,586,89375,1791,March,2004
The Art of Money Getting; Or Golden Rules for Making Money,Barnum P. T. (Phineas Taylor),en,586,13569,1891,July,2005
An Essay Concerning Humane Understanding Volume 1: MDCXC Based on the 2nd Edition Books 1 and 2,Locke John,en,585,149772,1704,January,2004
Four Arthurian Romances,Chretien de Troyes active 12th century,en,584,191075,0,February,1997
The Mentor: The Incas vol. 6 num. 3 Serial No. 151 March 15 1918,Hardy Osgood,en,583,9022,0,February,2016
Twice Told Tales,Hawthorne Nathaniel,en,581,146115,1864,October,2004
Sex-linked Inheritance in Drosophila,Bridges Calvin B. (Calvin Blackman),en,579,32604,1938,November,2010
Slave Narratives: A Folk History of Slavery in the United States From Interviews with Former Slaves: Volume I Alabama Narratives,United States. Work Projects Administration,en,578,128315,0,May,2011
How We Think,Dewey John,en,575,65074,1952,September,2011
The Arabian Nights Entertainments,Anonymous,en,574,86813,0,November,2006
Nostromo: A Tale of the Seaboard,Conrad Joseph,en,574,170152,1924,January,2006
The Business As Usual,Sharkey Jack,en,574,2602,1992,March,2016
McTeague: A Story of San Francisco,Norris Frank,en,573,112587,1902,March,2006
The Taming of the Shrew,Shakespeare William,en,571,22176,1616,January,1590
Sons and Lovers,Lawrence D. H. (David Herbert),en,571,160203,1930,January,2006
The Seven Lamps of Architecture,Ruskin John,en,570,80494,1900,April,2011
The History of Don Quixote Volume 2 Complete,Cervantes Saavedra Miguel de,en,569,210198,1616,July,2004
Les misérables Tome I: Fantine,Hugo Victor,fr,568,110063,1885,January,2006
Jesus the Christ: A Study of the Messiah and His Mission According to Holy; Scriptures Both Ancient and Modern,Talmage James E. (James Edward),en,568,304357,1933,September,2007
Considerations on Representative Government,Mill John Stuart,en,568,95204,1873,May,2004
Following the Equator: A Journey Around the World,Twain Mark,en,567,187603,1910,August,2006
The Sea-Wolf,London Jack,en,566,105620,1916,December,2010
Babbitt,Lewis Sinclair,en,565,122453,1951,February,2006
The Last Man,Shelley Mary Wollstonecraft,en,565,174555,1851,April,2006
The Wind in the Willows,Grahame Kenneth,en,563,58643,1932,January,2009
The Hand Phrenologically Considered: Being a Glimpse at the Relation of the Mind with the Organisation of the Body,Anonymous,en,562,13919,0,February,2016
Human All-Too-Human: A Book For Free Spirits; Part II,Nietzsche Friedrich Wilhelm,en,560,83985,1900,October,2011
Frankenstein; Or The Modern Prometheus,Shelley Mary Wollstonecraft,en,560,72609,1851,December,2012
The Oxford Book of American Essays,Unknown,en,559,163191,0,July,2012
Memoirs of General William T. Sherman — Complete,Sherman William T. (William Tecumseh),en,559,351745,1891,August,2006
The Merry Adventures of Robin Hood,Pyle Howard,en,558,111123,1911,November,2003
Dr. Elsie Inglis,Balfour Lady Frances,en,558,60603,0,March,2016
The Tenniel Illustrations for Carroll's Alice in Wonderland,Tenniel John,en,557,547,1914,May,2008
Principles Of Political Economy: Abridged with Critical Bibliographical and Explanatory Notes and a Sketch of the History of Political Economy,Mill John Stuart,en,557,238908,1873,September,2009
The Mysteries of London v. 2/4,Reynolds George W. M. (George William MacArthur),en,557,415590,1879,February,2016
All Things Considered,Chesterton G. K. (Gilbert Keith),en,556,59638,1936,March,2004
The Iliads of Homer: Translated according to the Greek,Homer,en,556,170676,-650,March,2016
Le roman de la rose - Tome I,Guillaume de Lorris active 1230,fr,555,94433,0,October,2005
The Merchant of Venice,Shakespeare William,en,555,22651,1616,January,1623
All About Coffee,Ukers William H. (William Harrison),en,555,426570,1945,April,2009
Là-bas,Huysmans J.-K. (Joris-Karl),en,553,89623,1907,December,2004
A Husband for My Wife,Stuart William W.,en,553,5296,0,March,2016
The Way of the World,Congreve William,en,551,28497,1729,January,2015
English Coins and Tokens: With A Chapter on Greek and Roman Coins,Jewitt Llewellynn Frederick William,en,551,35100,0,February,2016
The Forsyte Saga - Complete,Galsworthy John,en,550,316853,1933,June,2006
The Sleeping Beauty and other fairy tales,Perrault Charles,en,550,26932,1703,February,2016
The Willows,Blackwood Algernon,en,548,19559,1951,March,2004
In Bad Company and other stories,Boldrewood Rolf,en,548,187926,1915,February,2016
The Birth of Tragedy: or Hellenism and Pessimism,Nietzsche Friedrich Wilhelm,en,547,54029,1900,March,2016
The Jew of Malta,Marlowe Christopher,en,547,25793,1593,May,1997
The House on the Borderland,Hodgson William Hope,en,546,50912,1918,November,2003
Major Barbara,Shaw Bernard,en,546,32605,1950,February,2003
The Song of Roland,Unknown,en,546,32369,0,January,1996
Life Is a Dream,Calderon de la Barca Pedro,en,545,17436,1681,March,2006
The Game of Logic,Carroll Lewis,en,544,14408,1898,December,2003
The Marvelous Land of Oz,Baum L. Frank (Lyman Frank),en,544,42489,1919,February,1993
The Wisdom of Father Brown,Chesterton G. K. (Gilbert Keith),en,543,71640,1936,February,1995
Cawnpore,Trevelyan George Otto,en,543,81913,1928,March,2016
Astounding Stories of Super-Science January 1930,Unknown,en,541,73514,0,November,2012
Nice Girl With 5 Husbands,Leiber Fritz,en,541,4378,1992,February,2016
A First Spanish Reader,Roessler Erwin W. (Erwin William),en,es,539,39506,0,March,2005
The Essays of "George Eliot": Complete,Eliot George,en,539,104655,1880,March,2009
De Nederlandsche Geslachtsnamen in Oorsprong Geschiedenis en Beteekenis,Winkler Johan,nl,539,186286,1916,May,2011
American Fairy Tales,Baum L. Frank (Lyman Frank),en,539,31809,1919,August,2003
The Social Contract & Discourses,Rousseau Jean-Jacques,en,539,123505,1778,July,2014
Home Geography for Primary Grades,Long C. C.,en,538,17312,0,May,2004
Bahnwärter Thiel,Hauptmann Gerhart,de,537,15967,1946,July,2009
Phaedrus,Plato,en,536,38132,-348,February,1999
Ibrahim Pasha: Grand Vizir of Suleiman the Magnificent,Jenkins Hester Donaldson,en,535,36438,1941,February,2016
Pollyanna,Porter Eleanor H. (Eleanor Hodgman),en,534,55688,1920,September,1998
The Letters of Cicero Volume 1: The Whole Extant Correspodence in Chronological Order,Cicero Marcus Tullius,en,534,169933,-43,April,2007
The Good Soldier,Ford Ford Madox,en,534,75182,1939,August,2001
The Practice of the Presence of God,Lawrence of the Resurrection Brother,en,534,11018,1691,May,2004
The Old Curiosity Shop,Dickens Charles,en,534,215977,1870,March,2008
Man and Superman: A Comedy and a Philosophy,Shaw Bernard,en,533,68761,1950,March,2006
Moral Equivalent,Neville Kris,en,533,7645,1980,March,2016
Ibong Adarna: Corrido at Buhay na Pinagdaanan nang tatlong Principeng Magcacapatid na Anac nang Haring Fernando at nang Reina Valeriana sa Cahariang Berbania,Anonymous,tl,532,15989,0,July,2005
Madame Bovary,Flaubert Gustave,fr,531,111313,1880,November,2004
The Anabasis of Alexander: or The History of the Wars and Conquests of Alexander the Great,Nicomedia Arrian of,en,531,148516,0,September,2014
The Princess and the Goblin,MacDonald George,en,531,50951,1905,November,1996
The Odyssey,Homer,en,529,121231,-650,April,2002
That Which Hath Wings,Dehan Richard,en,529,183089,1932,March,2016
Spoon River Anthology,Masters Edgar Lee,en,528,31172,1950,April,1998
Stories from Tagore,Tagore Rabindranath,en,528,47491,1941,August,2010
The Divine Comedy by Dante Illustrated Purgatory Complete,Dante Alighieri,en,528,36584,1321,August,2004
Cicero: Letters to Atticus Volume III (of 3),Cicero Marcus Tullius,en,527,115638,-43,March,2016
McGuffey's First Eclectic Reader Revised Edition,McGuffey William Holmes,en,525,7573,1873,June,2005
Hawaiian Folk Tales: A Collection of Native Legends,Unknown,en,525,71358,0,May,2006
The Second Jungle Book,Kipling Rudyard,en,525,63730,1936,October,1999
The Hound of the Baskervilles,Doyle Arthur Conan,en,524,59192,1930,February,2002
Plutarch: Lives of the noble Grecians and Romans,Plutarch,en,524,740378,119,January,1517
The Story of the Three Little Pigs,Brooke L. Leslie (Leonard Leslie),en,523,1039,1940,April,2006
The Crowd: A Study of the Popular Mind,Le Bon Gustave,en,522,54919,1931,January,1895
The Cool War,Fetler Andrew,en,522,5201,0,February,2016
The Iliad of Homer: Translated into English Blank Verse by William Cowper,Homer,en,521,174002,-650,August,2005
The Imitation of Christ,Thomas a Kempis,en,520,62007,1471,January,1422
Fifty Famous Stories Retold,Baldwin James,en,519,32289,1925,May,2006
"Everyman" with other interludes including eight miracle plays,Unknown,en,519,56715,0,October,2006
The Fight Against Lynching: Anti-Lynching Work of the National Association for the Advancement of Colored People for the Year Nineteen Eighteen,Anonymous,en,519,5565,0,February,2016
The Boy Mechanic: Volume 1: 700 Things for Boys to Do,Popular Mechanics Company,en,518,242015,0,June,2004
The Lock and Key Library: Classic Mystery and Detective Stories: Modern English,Unknown,en,518,125114,0,June,2005
Motor Matt's Reverse: or Caught in a Losing Cause,Matthews Stanley R.,en,518,32368,0,March,2016
White Nights and Other Stories: The Novels of Fyodor Dostoevsky Volume X,Dostoyevsky Fyodor,en,517,118405,1881,May,2011
The Satyricon — Volume 02: Dinner of Trimalchio,Petronius Arbiter,en,517,19213,66,May,2004
Hunt the Hunter,Neville Kris,en,515,5524,1980,March,2016
The Complete Project Gutenberg Works of Jane Austen: A Linked Index of all PG Editions of Jane Austen,Austen Jane,en,514,777121,1817,January,2010
Poems,Rilke Rainer Maria,en,513,10230,1926,January,2012
Advance Agent,Anvil Christopher,en,513,11079,0,February,2016
The Life of Reason: The Phases of Human Progress,Santayana George,en,512,317450,1952,February,2005
Twenty Thousand Leagues Under the Seas: An Underwater Tour of the World,Verne Jules,en,511,144604,1905,January,1870
Tamburlaine the Great — Part 1,Marlowe Christopher,en,510,24765,1593,November,1997
Symbolic Logic,Carroll Lewis,en,510,56160,1898,May,2009
The Master Builder,Ibsen Henrik,en,510,28713,1906,May,2003
Poem Outlines,Lanier Sidney,en,509,8232,1881,March,2016
The Expression of the Emotions in Man and Animals,Darwin Charles,en,508,108949,1882,March,1998
A Doll's House,Ibsen Henrik,en,508,26487,1906,March,2005
Sartor Resartus: The Life and Opinions of Herr Teufelsdröckh,Carlyle Thomas,en,507,80184,1881,September,1997
An Old Babylonian Version of the Gilgamesh Epic,Clay Albert Tobias,en,506,36952,1925,July,2006
Autobiography of Andrew Carnegie,Carnegie Andrew,en,505,116938,1919,March,2006
The Beggar's Opera; to Which is Prefixed the Musick to Each Song,Gay John,en,503,20514,1732,April,2008
The Elements of Drawing in Three Letters to Beginners,Ruskin John,en,503,73717,1900,October,2009
The Virginian: A Horseman of the Plains,Wister Owen,en,502,129298,1938,May,1998
The Germany and the Agricola of Tacitus,Tacitus Cornelius,en,502,48789,117,February,2005
Common Sense,Paine Thomas,en,501,19521,1809,February,2003
Letters to His Son Complete: On the Fine Art of Becoming a Man of the World and a Gentleman,Chesterfield Philip Dormer Stanhope Earl of,en,500,291127,1773,October,2004
Chain Reaction,Ellanby Boyd,en,500,4718,0,February,2016
The Border and the Buffalo: An Untold Story of the Southwest Plains,Cook John R.,en,499,106053,0,March,2016
The Beautiful and Damned,Fitzgerald F. Scott (Francis Scott),en,499,123560,1940,February,2006
The Picture of Dorian Gray,Wilde Oscar,en,497,54616,1900,May,2003
Franklin's Way to Wealth: or 'Poor Richard Improved',Franklin Benjamin,en,497,3597,1790,October,2013
The Gift of the Magi,Henry O.,en,497,2063,1910,January,2005
1001 zadacha dlia umstvennogo scheta,Rachinskii Sergei Aleksandrovich,ru,496,27030,1902,August,2005
The Golden Gems of Life: Gathered Jewels for the Home Circle,Ferguson S. C.,en,493,158526,0,March,2016
Sordman the Protector,Purdom Tom,en,491,7989,0,March,2016
Of Human Bondage,Maugham W. Somerset (William Somerset),en,490,259443,1965,May,2008
French Mediaeval Romances from the Lays of Marie de France,Marie Queen of Rumania,en,489,73791,0,March,2004
Against the Grain,Huysmans J.-K. (Joris-Karl),en,489,59501,1907,May,2004
Browning's Shorter Poems,Browning Robert,en,489,49170,1889,July,2005
Mr. Spaceship,Dick Philip K.,en,489,10562,1982,May,2010
Ambition,Bade William L.,en,488,7720,0,February,2016
Captain Blood,Sabatini Rafael,en,487,113152,1950,November,1999
Jane's All the World's Aircraft. 1913,Unknown,en,487,73423,0,January,2011
"1812" Napoleon I in Russia,Vereshchagin Vasilii Vasilevich,en,487,77864,1904,March,2016
The Voyage of the Beagle,Darwin Charles,en,487,205655,1882,June,1997
Howards End,Forster E. M. (Edward Morgan),en,486,108676,1970,November,2001
Modern Essays,Unknown,en,486,84843,0,December,2011
The Essays or Counsels Civil and Moral,Bacon Francis,en,486,53007,1626,June,1996
The Sketch-Book of Geoffrey Crayon,Irving Washington,en,485,128395,1859,August,2000
What's Wrong with the World,Chesterton G. K. (Gilbert Keith),en,484,60066,1936,April,1999
Fox's Book of Martyrs: Or A History of the Lives Sufferings and Triumphant; Deaths of the Primitive Protestant Martyrs,Foxe John,en,484,263862,1587,August,2007
Hamlet Prince of Denmark,Shakespeare William,en,484,31823,1616,January,2009
The Night Land,Hodgson William Hope,en,483,197075,1918,January,2004
Three Ghost Stories,Dickens Charles,en,483,21066,1870,March,2013
The Skull,Dick Philip K.,en,483,7812,1982,October,2009
The Story of Elizabeth Canning Considered,Hill John A. (John Alexander),en,483,10390,1916,February,2016
The Voyage Out,Woolf Virginia,en,482,136016,1941,January,2006
The Golden Asse,Apuleius,en,482,80581,0,February,2006
Letters of Abelard and Heloise: To which is prefix'd a particular account of their lives amours and misfortunes,Heloise,en,482,47674,1163,April,2011
The Montessori Method: Scientific Pedagogy as Applied to Child Education in 'The Children's Houses' with Additions and Revisions by the Author,Montessori Maria,en,482,118351,1952,May,2012
The German Classics from the Fourth to the Nineteenth Century Vol. 1 (of 2),Muller F. Max (Friedrich Max),de,482,199486,1900,March,2016
Night and Day,Woolf Virginia,en,481,166200,1941,March,1998
The Scarlet Letter,Hawthorne Nathaniel,en,481,83817,1864,May,2008
The Mystery of the Yellow Room,Leroux Gaston,en,480,73251,1927,March,1999
"De Bello Gallico" and Other Commentaries,Caesar Julius,en,478,159795,-44,January,2004
Myths & Legends of the Celtic Race,Rolleston T. W. (Thomas William),en,478,141007,1920,October,2010
The 2010 CIA World Factbook,United States. Central Intelligence Agency,en,478,1640506,0,April,2011
The Inspector-General,Gogol Nikolai Vasilevich,en,478,29373,1852,February,2003
Toadstools mushrooms fungi edible and poisonous; one thousand American fungi,Macadam Robert K.,en,478,231146,0,March,2016
The Garden Party and Other Stories,Mansfield Katherine,en,477,57173,1923,January,1998
Micromegas,Voltaire,en,477,7702,1778,September,2009
Platero y yo,Jimenez Juan Ramon,es,476,30987,1958,February,2006
The Analects of Confucius (from the Chinese Classics),Confucius,en,475,29311,-479,July,2002
English Fairy Tales,Unknown,en,475,60883,0,February,2005
The Ambassadors,James Henry,en,474,162021,1916,February,1996
A Pail of Air,Leiber Fritz,en,473,5800,1992,March,2016
Hung Lou Meng or the Dream of the Red Chamber a Chinese Novel Book I,Cao Xueqin,en,473,184327,1763,January,2006
The Red House Mystery,Milne A. A. (Alan Alexander),en,472,60370,1956,August,1999
The Mystery of Edwin Drood,Dickens Charles,en,472,95606,1870,December,2010
Theresa Raquin,Zola Emile,en,471,70936,1902,April,2006
The Prisoner of Zenda,Hope Anthony,en,471,53712,1933,January,2006
Orthodoxy,Chesterton G. K. (Gilbert Keith),en,470,63642,1936,September,2005
The Swiss Family Robinson; or Adventures in a Desert Island,Wyss Johann David,en,469,122543,1818,March,2004
New Latin Grammar,Bennett Charles E. (Charles Edwin),en,469,81574,1921,April,2005
Gulliver's Travels into Several Remote Regions of the World,Swift Jonathan,en,469,52111,1745,November,2005
A History of Indian Philosophy Volume 1,Dasgupta Surendranath,en,468,212995,1952,July,2004
Little Men,Alcott Louisa May,en,468,104971,1888,January,2001
Clarissa Harlowe; or the history of a young lady — Volume 1,Richardson Samuel,en,468,106924,1761,November,2005
The Chemistry of Food and Nutrition,Duncan A. W.,en,467,32972,0,March,2005
Flappers and Philosophers,Fitzgerald F. Scott (Francis Scott),en,467,60462,1940,August,2003
La chanson des vieux époux,Loti Pierre,fr,467,2744,1923,February,2016
Euthyphro,Plato,en,466,9202,-348,February,1999
Hesiod the Homeric Hymns and Homerica,Hesiod,en,466,90161,0,July,2008
The Furious Rose,Evans Dean,en,466,4508,0,February,2016
The Writings of Thomas Paine — Volume 2 (1779-1792): The Rights of Man,Paine Thomas,en,465,93230,1809,February,2003
Nursing as Caring: A Model for Transforming Practice,Boykin Anne,en,465,35556,0,June,2013
The Secret Sharer,Conrad Joseph,en,463,16538,1924,February,1995
The Common Law,Holmes Oliver Wendell,en,463,132004,1935,December,2000
The Luck of Roaring Camp and Other Tales: With Condensed Novels Spanish and American Legends and Earlier Papers,Harte Bret,en,463,129266,1902,August,2004
The Soul of Man under Socialism,Wilde Oscar,en,462,14391,1900,September,2014
The French Revolution: A History,Carlyle Thomas,en,462,300739,1881,February,2006
O Pioneers!,Cather Willa,en,461,55435,1947,January,1992
The Lady of the Lake,Scott Walter,en,461,78425,1832,January,2002
The Story of Mankind,Van Loon Hendrik Willem,en,461,129204,1944,December,1996
A Boy's Will,Frost Robert,en,460,5737,1963,January,2002
Les Fleurs du Mal,Baudelaire Charles,fr,460,24751,1867,July,2004
Studies in the Psychology of Sex Volume 1: The Evolution of Modesty; The Phenomena of Sexual Periodicity; Auto-Erotism,Ellis Havelock,en,459,139447,1939,October,2004
The Art of War,Sunzi active 6th century B.C.,en,458,10936,0,December,2005
Sketches New and Old,Twain Mark,en,458,97716,1910,April,2002
Hegel's Philosophy of Mind,Hegel Georg Wilhelm Friedrich,en,458,118842,1831,March,2012
The Madman: His Parables and Poems,Gibran Kahlil,en,458,7052,1931,May,2004
Nicolo Paganini: His Life and Work,Stratton Stephen S. (Stephen Samuel),en,457,55955,1906,April,2012
The Imaginary Invalid,Moliere,en,457,19674,1673,September,2003
Rilla of Ingleside,Montgomery L. M. (Lucy Maud),en,455,103358,1942,February,2003
The Tale of Benjamin Bunny,Potter Beatrix,en,454,1190,1943,December,2004
Line and Form (1900),Crane Walter,en,454,45623,1915,May,2008
American Notes,Dickens Charles,en,454,103322,1870,February,2013
Laws,Plato,en,453,238593,-348,May,1999
Demian: Die Geschichte von Emil Sinclairs Jugend,Hesse Hermann,de,453,47222,1962,January,2013
The Autobiography of an Ex-Colored Man,Johnson James Weldon,en,452,51804,1938,February,2004
The Complete Poetical Works of Edgar Allan Poe: Including Essays on Poetry,Poe Edgar Allan,en,451,60330,1849,November,2003
The Diary of a Nobody,Grossmith Weedon,en,451,41930,1919,August,2011
Bradford's History of 'Plimoth Plantation': From the Original Manuscript. With a Report of the Proceedings Incident to the Return of the Manuscript to Massachusetts,Bradford William,en,451,168627,1657,March,2008
The Real Mother Goose,Unknown,en,450,16013,0,January,2004
Uncle Remus and Brer Rabbit,Harris Joel Chandler,en,450,6904,1908,August,2007
The Rubaiyat of Omar Khayyam,Omar Khayyam,en,450,11716,1122,April,1995
A Dictionary of Cebuano Visayan,Wolff John U.,en,450,964198,0,June,2012
Lords and Lovers: and Other Dramas,Dargan Olive Tilford,en,450,73261,1968,February,2016
The Slang Dictionary: Etymological Historical and Andecdotal,Hotten John Camden,en,449,157261,0,February,2013
Tales of Terror and Mystery,Doyle Arthur Conan,en,449,75100,1930,May,1996
Martin Eden,London Jack,en,448,138767,1916,November,2004
The Tragical History of Doctor Faustus: From the Quarto of 1616,Marlowe Christopher,en,448,22297,1593,February,1997
The Arabian Nights Entertainments,Lang Andrew,en,447,111586,1912,June,2008
Four Weird Tales,Blackwood Algernon,en,445,54037,1951,September,2005
Daemonologie.,James I King of England,en,443,26697,1625,June,2008
A Beginner's Psychology,Titchener Edward Bradford,en,443,104870,0,March,2016
The History of Mary Prince a West Indian Slave,Prince Mary,en,442,27289,1833,February,2006
Mary Barton,Gaskell Elizabeth Cleghorn,en,442,160646,1865,January,1848
The Little White Bird; Or Adventures in Kensington Gardens,Barrie J. M. (James Matthew),en,441,66273,1937,July,1998
Capture and Escape: A Narrative of Army and Prison Life,Kellogg John Azor,en,441,39030,0,March,2016
The Critique of Practical Reason,Kant Immanuel,en,441,62786,1804,May,2004
The Poetical Works of John Milton,Milton John,en,440,146106,1674,May,1999
The Complete Poems of Paul Laurence Dunbar,Dunbar Paul Laurence,en,440,89577,1906,May,2006
The Flowers of Evil,Baudelaire Charles,en,440,7853,1867,May,2011
Woodcraft and Camping,Sears George Washington,en,439,39101,1890,December,2010
Woyzeck,Buchner Georg,de,439,6296,1837,March,2004
Hamewith,Murray Charles Theodore,en,438,13757,1924,March,2016
Die Leiden des jungen Werther — Band 1,Goethe Johann Wolfgang von,de,437,17490,1832,September,1774
Narrative and Critical History of America Vol. IV (of 8): French Explorations and Settlements in North America and Those of the Portuguese Dutch and Swedes 1500-1700,Various,en,437,288067,0,February,2016
The Zen Experience,Hoover Thomas,en,436,93881,0,November,2010
An Elephant for the Prinkip,Wesley Joseph,en,436,3877,0,March,2016
Pennsylvania Dutch Cooking,Unknown,en,435,16765,0,September,2008
The Hanging Stranger,Dick Philip K.,en,435,5233,1982,December,2012
The Coral Island: A Tale of the Pacific Ocean,Ballantyne R. M. (Robert Michael),en,435,99504,1894,April,2007
The Wonderful Wizard of Oz,Baum L. Frank (Lyman Frank),en,434,40009,1919,January,2014
The World Set Free,Wells H. G. (Herbert George),en,432,64967,1946,February,2006
The Religion of the Ancient Celts,MacCulloch J. A. (John Arnott),en,432,130922,1950,January,2005
Short Stories,Dostoyevsky Fyodor,en,432,80442,1881,September,2012
Wives and Daughters,Gaskell Elizabeth Cleghorn,en,432,270270,1865,December,2001
A Defence of Poetry and Other Essays,Shelley Percy Bysshe,en,432,28563,1822,April,2004
Hunger,Hamsun Knut,en,431,66663,1952,June,2005
The Return of Tarzan,Burroughs Edgar Rice,en,430,89190,1950,June,2008
Prufrock and Other Observations,Eliot T. S. (Thomas Stearns),en,429,3826,1965,September,1998
Heretics,Chesterton G. K. (Gilbert Keith),en,429,64683,1936,March,1996
The Great English Short-Story Writers Volume 1,Unknown,en,427,85845,0,November,2003
Thought-Forms,Leadbeater C. W. (Charles Webster),en,427,21062,1934,July,2005
The Divine Comedy of Dante Alighieri: The Inferno,Dante Alighieri,en,427,115770,1321,December,2012
The Elder Eddas of Saemund Sigfusson; and the Younger Eddas of Snorre Sturleson,Snorri Sturluson,en,426,87242,1241,January,2005
The Crystal Crypt,Dick Philip K.,en,425,7334,1982,May,2009
Public Opinion,Lippmann Walter,en,425,104125,1974,September,2004
The Gardener,Tagore Rabindranath,en,425,13996,1941,October,2004
The Kreutzer Sonata and Other Stories,Tolstoy Leo graf,en,425,63979,1910,March,2006
The Jolly Corner,James Henry,en,424,14158,1916,May,2005
Mission Furniture: How to Make It Part 3,Windsor H. H. (Henry Haven),en,424,19461,1924,November,2007
The Yoga Sutras of Patanjali: The Book of the Spiritual Man,Patanjali,en,424,30296,0,February,2001
The Door in the Wall and Other Stories,Wells H. G. (Herbert George),en,423,43052,1946,July,2005
Plutarch's Lives Volume I,Plutarch,en,422,184338,119,November,2004
Le comte de Monte-Cristo Tome I,Dumas Alexandre,fr,422,121578,1870,March,2006
The Book of Tea,Okakura Kakuzo,en,422,17976,1913,January,1997
Rasselas Prince of Abyssinia,Johnson Samuel,en,421,37973,1784,January,2013
The Argonautica,Apollonius Rhodius,en,421,62210,0,February,1997
La Divina Commedia di Dante,Dante Alighieri,it,417,97754,1321,August,1997
The Works of Aphra Behn: Volume V,Behn Aphra,en,417,178043,1689,August,2009
King Richard III,Shakespeare William,en,416,30901,1616,November,1997
The Adventure of the Cardboard Box,Doyle Arthur Conan,en,416,8642,1930,October,2000
Foods That Will Win The War And How To Cook Them (1918),Goudiss C. Houston (Charles Houston),en,414,30184,0,March,2005
The Entire Project Gutenberg Works of Mark Twain,Twain Mark,en,414,194566,1910,September,2004
Woodcraft Boys at Sunset Island,Roy Lillian Elizabeth,en,414,56517,1932,February,2016
The Moon and Sixpence,Maugham W. Somerset (William Somerset),en,413,74970,1965,July,2007
Moby Word Lists,Ward Grady,en,411,537,0,May,2002
Riders to the Sea,Synge J. M. (John Millington),en,411,5001,1909,August,2008
Ancient and Modern Ships Part 1: Wooden Sailing Ships,Holmes George Charles Vincent Sir,en,410,43223,1926,July,2010
The New Life (La Vita Nuova),Dante Alighieri,en,409,24691,1321,October,2012
As You Like It,Shakespeare William,en,407,22802,1616,December,1997
Viking Tales,Hall Jennie,en,406,31975,1921,March,2008
Aeneidos,Virgil,la,404,63748,-19,April,2008
L'autre monde ou Histoire comique des Etats et Empires de la Lune,Bergerac Savinien de Cyrano de,fr,402,45847,0,March,2016
Theodicy: Essays on the Goodness of God the Freedom of Man and the Origin of Evil,Leibniz Gottfried Wilhelm Freiherr von,en,401,189070,1716,November,2005
The St. Gregory Hymnal and Catholic Choir Book,Unknown,en,401,46184,0,December,2007
Beeton's Book of Needlework,Beeton Mrs. (Isabella Mary),en,400,91863,1865,February,2005
Ghost Stories of an Antiquary,James M. R. (Montague Rhodes),en,400,45444,1936,July,2005
Martin Chuzzlewit,Dickens Charles,en,400,336735,1870,April,2006
Boy of My Heart,Leighton Marie Connor,en,398,48894,0,March,2016
The Scarecrow of Oz,Baum L. Frank (Lyman Frank),en,397,46170,1919,February,2016
Henry D. Thoreau,Sanborn F. B.,en,394,68651,0,March,2016
The Ballad of Reading Gaol,Wilde Oscar,en,393,8202,1900,July,1995
The Analysis of Beauty: Written with a view of fixing the fluctuating ideas of taste,Hogarth William,en,390,45783,1764,March,2016
The Professor,Bronte Charlotte,en,388,88037,1855,August,2008
Russian Fairy Tales: A Choice Collection of Muscovite Folk-lore,Unknown,en,379,130817,0,August,2007
Beethoven the Man and the Artist as Revealed in His Own Words,Beethoven Ludwig van,en,377,23733,1827,November,2002
Triplanetary,Smith E. E. (Edward Elmer),en,375,90994,1965,June,2010
Ben-Hur; a tale of the Christ,Wallace Lew,en,364,197376,1905,April,2000
Claudian volume 1 (of 2): With an English translation by Maurice Platnauer,Claudianus Claudius,en,364,94195,0,March,2016
The Love of Monsieur,Gibbs George,en,287,51493,1942,March,2016
Self-Control Its Kingship and Majesty,Jordan William George,en,201,23887,1928,March,2016
Beach Scene,King Marshall,en,104,5250,0,March,2016
Dumbwaiter,Stamers James,en,97,4190,0,March,2016
Kreativity For Kats,Leiber Fritz,en,92,3276,1992,March,2016
East In The Morning,Fisher David E.,en,88,4352,0,March,2016
The Donkey the Elephant and the Goat: At a Public Meeting,Preston Jack,en,72,2381,0,March,2016
A Garden Diary: September 1899—September 1900,Lawless Emily,en,66,47873,1913,March,2016
Flying Machines Today,Ennis William Duane,en,3,33189,0,March,2016
Perfect Answer,Stecher L.J.,en,0,3871,0,March,2016
The Reluctant Heroes,Robinson Frank M.,en,0,6913,2014,March,2016
Film Truth; September 1920,Anonymous,en,0,9153,0,March,2016
Othmar,Ouida,en,0,191182,1908,March,2016
Church History (Volumes 1-3),Kurtz J. H. (Johann Heinrich),en,0,730715,1890,March,2016
The Uncensored Letters of a Canteen Girl,Morse Katharine Duncan,en,0,95496,0,March,2016
